0,clock,core,thread,is_L2,L2,is_L3,L3,is_smart_cache,smart_cache,PRICE
1,3.6,8.0,16.0,1.0,4000.0,1.0,32000.0,0.0,0.0,40732.0
2,3.6,6.0,12.0,1.0,3000.0,1.0,32000.0,0.0,0.0,24368.0
3,3.5,16.0,32.0,1.0,8000.0,1.0,64000.0,0.0,0.0,98780.0
4,2.9,6.0,6.0,0.0,0.0,0.0,0.0,1.0,9000.0,16743.0
5,3.6,8.0,16.0,0.0,0.0,1.0,16000.0,0.0,0.0,58093.0
6,3.4,6.0,12.0,1.0,3000.0,1.0,16000.0,0.0,0.0,15070.0
7,3.6,8.0,8.0,0.0,0.0,1.0,12000.0,0.0,0.0,41980.0
8,2.9,6.0,6.0,0.0,0.0,0.0,0.0,1.0,9000.0,21100.0
9,3.7,4.0,8.0,1.0,2000.0,1.0,4000.0,0.0,0.0,19480.0
10,4.0,8.0,16.0,0.0,0.0,1.0,16000.0,0.0,0.0,64024.0
11,3.6,4.0,4.0,0.0,0.0,1.0,6000.0,0.0,0.0,9328.0
12,3.2,8.0,16.0,1.0,4000.0,1.0,16000.0,0.0,0.0,19445.0
13,3.7,10.0,20.0,0.0,0.0,0.0,0.0,1.0,19250.0,75679.0
14,3.6,4.0,4.0,1.0,2000.0,1.0,4000.0,0.0,0.0,12580.0
15,3.0,18.0,36.0,0.0,0.0,1.0,24750.0,0.0,0.0,148488.0
16,3.7,6.0,6.0,0.0,0.0,0.0,0.0,1.0,9000.0,26290.0
17,3.7,6.0,6.0,0.0,0.0,0.0,0.0,1.0,9000.0,22880.0
18,3.7,2.0,4.0,0.0,0.0,0.0,0.0,1.0,4000.0,6680.0
20,3.0,8.0,8.0,0.0,0.0,0.0,0.0,1.0,12000.0,40266.0
21,3.6,4.0,4.0,0.0,0.0,1.0,6000.0,0.0,0.0,15376.0
22,3.7,8.0,16.0,1.0,4000.0,1.0,16000.0,0.0,0.0,23480.0
23,3.8,6.0,12.0,1.0,3000.0,1.0,32000.0,0.0,0.0,29174.0
24,3.7,32.0,64.0,1.0,16000.0,1.0,128000.0,0.0,0.0,252500.0
25,3.5,2.0,4.0,1.0,1000.0,1.0,4000.0,0.0,0.0,7678.0
26,3.5,12.0,24.0,1.0,6000.0,1.0,32000.0,0.0,0.0,32978.0
27,3.0,8.0,8.0,0.0,0.0,1.0,12000.0,0.0,0.0,37378.0
28,3.9,8.0,16.0,1.0,4000.0,1.0,32000.0,0.0,0.0,47579.0
29,3.8,2.0,4.0,0.0,0.0,0.0,0.0,1.0,4000.0,7150.0
30,3.2,2.0,4.0,1.0,1024.0,1.0,4000.0,0.0,0.0,5790.0
31,3.6,6.0,12.0,1.0,3000.0,1.0,16000.0,0.0,0.0,16478.0
32,3.6,8.0,16.0,0.0,0.0,1.0,16000.0,0.0,0.0,54573.0
34,3.1,8.0,16.0,0.0,0.0,1.0,16000.0,0.0,0.0,52664.0
35,3.0,18.0,36.0,0.0,0.0,0.0,0.0,1.0,24750.0,115800.0
36,3.8,24.0,48.0,1.0,12000.0,1.0,128000.0,0.0,0.0,177800.0
37,3.7,8.0,16.0,1.0,4000.0,1.0,16000.0,0.0,0.0,27480.0
38,3.0,6.0,6.0,0.0,0.0,1.0,9000.0,0.0,0.0,23980.0
39,3.8,8.0,16.0,0.0,0.0,0.0,0.0,1.0,16500.0,43980.0
40,3.0,6.0,6.0,0.0,0.0,0.0,0.0,1.0,9000.0,21970.0
41,3.6,4.0,4.0,0.0,0.0,0.0,0.0,1.0,6000.0,15030.0
42,3.2,6.0,12.0,0.0,0.0,0.0,0.0,1.0,12000.0,41745.0
43,2.8,6.0,6.0,0.0,0.0,0.0,0.0,1.0,9000.0,21199.0
44,3.1,2.0,2.0,0.0,0.0,0.0,0.0,1.0,2000.0,4790.0
45,3.7,6.0,12.0,0.0,0.0,0.0,0.0,1.0,12000.0,44188.0
46,3.3,14.0,28.0,0.0,0.0,0.0,0.0,1.0,19250.0,88800.0
47,3.1,6.0,6.0,0.0,0.0,1.0,9000.0,0.0,0.0,26180.0
48,3.5,2.0,4.0,1.0,1000.0,1.0,4000.0,0.0,0.0,8228.0
49,3.5,4.0,4.0,1.0,2000.0,1.0,4000.0,0.0,0.0,11480.0
50,3.6,4.0,8.0,1.0,2000.0,1.0,4000.0,0.0,0.0,17880.0
51,3.4,2.0,4.0,1.0,1000.0,1.0,4000.0,0.0,0.0,6028.0
52,3.1,16.0,32.0,0.0,0.0,0.0,0.0,1.0,22000.0,101100.0
53,3.1,28.0,56.0,0.0,0.0,1.0,38500.0,0.0,0.0,387000.0
54,3.4,8.0,16.0,1.0,4000.0,1.0,16000.0,0.0,0.0,18518.0
55,3.5,2.0,4.0,0.0,0.0,1.0,3000.0,0.0,0.0,7150.0
56,3.2,4.0,4.0,0.0,0.0,0.0,0.0,1.0,6000.0,19980.0
57,4.2,4.0,8.0,0.0,0.0,0.0,0.0,1.0,8000.0,45375.0
58,3.2,2.0,2.0,0.0,0.0,0.0,0.0,1.0,2000.0,5149.0
59,3.6,4.0,8.0,0.0,0.0,0.0,0.0,1.0,8000.0,39328.0
60,3.4,4.0,8.0,0.0,0.0,0.0,0.0,1.0,8000.0,41745.0
61,3.6,8.0,8.0,0.0,0.0,0.0,0.0,1.0,12000.0,43496.0
62,4.0,4.0,4.0,0.0,0.0,0.0,0.0,1.0,8000.0,18203.0
63,3.5,16.0,32.0,1.0,8000.0,1.0,32000.0,0.0,0.0,75768.0
64,3.8,2.0,4.0,0.0,0.0,0.0,0.0,1.0,4000.0,10153.0
65,2.5,28.0,56.0,0.0,0.0,1.0,38500.0,0.0,0.0,1219900.0
66,2.9,2.0,2.0,0.0,0.0,1.0,2000.0,0.0,0.0,4730.0
67,3.9,2.0,4.0,0.0,0.0,0.0,0.0,1.0,3000.0,15345.0
68,3.5,10.0,20.0,0.0,0.0,0.0,0.0,1.0,19250.0,69739.0
69,3.5,12.0,24.0,0.0,0.0,0.0,0.0,1.0,19250.0,81900.0
70,2.5,28.0,56.0,0.0,0.0,1.0,38500.0,0.0,0.0,579699.0
71,4.0,2.0,4.0,0.0,0.0,0.0,0.0,1.0,4000.0,11870.0
72,4.0,4.0,4.0,0.0,0.0,0.0,0.0,1.0,8000.0,19970.0
73,3.0,6.0,6.0,0.0,0.0,0.0,0.0,1.0,9000.0,23314.0
74,3.6,4.0,8.0,0.0,0.0,1.0,8250.0,0.0,0.0,37690.0
75,2.9,4.0,8.0,0.0,0.0,0.0,0.0,1.0,8000.0,41745.0
76,3.3,10.0,20.0,0.0,0.0,0.0,0.0,1.0,16500.0,63770.0
77,3.0,24.0,48.0,1.0,12000.0,1.0,64000.0,0.0,0.0,98780.0
78,2.5,28.0,56.0,0.0,0.0,1.0,38500.0,0.0,0.0,967999.0
80,3.5,4.0,4.0,1.0,2000.0,1.0,8000.0,0.0,0.0,11136.0
81,3.7,2.0,4.0,0.0,0.0,0.0,0.0,1.0,3000.0,16800.0
82,3.7,4.0,8.0,0.0,0.0,0.0,0.0,1.0,8000.0,37999.0
83,2.2,16.0,32.0,0.0,0.0,1.0,64000.0,0.0,0.0,81399.0
84,3.6,8.0,16.0,1.0,4000.0,1.0,16000.0,0.0,0.0,21250.0
85,3.7,6.0,12.0,0.0,0.0,0.0,0.0,1.0,12000.0,47849.0
86,2.2,12.0,24.0,0.0,0.0,1.0,17000.0,0.0,0.0,86450.0
87,3.5,8.0,16.0,0.0,0.0,1.0,16500.0,0.0,0.0,102959.0
88,2.8,2.0,2.0,0.0,0.0,0.0,0.0,1.0,2000.0,6780.0
90,3.8,8.0,16.0,1.0,4000.0,1.0,16000.0,0.0,0.0,20822.0
91,1.9,6.0,6.0,0.0,0.0,1.0,8250.0,0.0,0.0,27918.0
92,3.5,4.0,8.0,0.0,0.0,0.0,0.0,1.0,8000.0,32389.0
93,3.3,6.0,12.0,0.0,0.0,0.0,0.0,1.0,12000.0,37729.0
94,4.0,4.0,8.0,0.0,0.0,0.0,0.0,1.0,8000.0,40736.0
95,3.5,6.0,12.0,0.0,0.0,0.0,0.0,1.0,12000.0,41359.0
96,3.5,12.0,24.0,1.0,6000.0,1.0,32000.0,0.0,0.0,41465.0
97,3.3,2.0,2.0,0.0,0.0,0.0,0.0,1.0,2000.0,6790.0
98,3.1,4.0,4.0,1.0,2000.0,1.0,8000.0,0.0,0.0,9949.0
99,3.4,2.0,4.0,0.0,0.0,0.0,0.0,1.0,3000.0,15620.0
100,3.2,6.0,12.0,1.0,3000.0,1.0,16000.0,0.0,0.0,15932.0
101,4.2,2.0,4.0,0.0,0.0,0.0,0.0,1.0,4000.0,23870.0
102,3.8,4.0,4.0,0.0,0.0,0.0,0.0,1.0,6000.0,32389.0
103,3.4,6.0,12.0,0.0,0.0,0.0,0.0,1.0,12000.0,36519.0
104,1.7,8.0,8.0,0.0,0.0,0.0,0.0,1.0,20000.0,36647.0
105,3.4,4.0,8.0,0.0,0.0,0.0,0.0,1.0,8000.0,37980.0
106,3.2,6.0,12.0,0.0,0.0,0.0,0.0,1.0,12000.0,39980.0
107,2.1,8.0,16.0,0.0,0.0,0.0,0.0,1.0,20000.0,50709.0
108,2.2,10.0,20.0,0.0,0.0,1.0,13750.0,0.0,0.0,88300.0
109,2.6,18.0,36.0,0.0,0.0,1.0,24750.0,0.0,0.0,166980.0
110,3.0,32.0,64.0,1.0,16000.0,1.0,64000.0,0.0,0.0,214800.0
111,2.6,18.0,36.0,0.0,0.0,1.0,25000.0,0.0,0.0,311980.0
115,3.6,2.0,4.0,0.0,0.0,1.0,3000.0,0.0,0.0,11055.0
116,3.6,6.0,12.0,1.0,3000.0,1.0,16000.0,0.0,0.0,16553.0
117,3.0,4.0,4.0,0.0,0.0,0.0,0.0,1.0,6000.0,21714.0
119,3.0,4.0,4.0,0.0,0.0,0.0,0.0,1.0,8000.0,25260.0
120,3.4,4.0,4.0,0.0,0.0,0.0,0.0,1.0,8000.0,25852.0
121,2.7,4.0,4.0,0.0,0.0,0.0,0.0,1.0,6000.0,27060.0
122,2.8,4.0,4.0,0.0,0.0,0.0,0.0,1.0,6000.0,29890.0
123,3.6,6.0,6.0,0.0,0.0,0.0,0.0,1.0,9000.0,31900.0
125,3.4,4.0,8.0,0.0,0.0,0.0,0.0,1.0,8000.0,45000.0
126,3.6,8.0,16.0,0.0,0.0,1.0,11000.0,0.0,0.0,51480.0
127,2.2,10.0,20.0,0.0,0.0,1.0,14000.0,0.0,0.0,62490.0
128,2.2,10.0,20.0,0.0,0.0,0.0,0.0,1.0,30000.0,80959.0
129,2.9,12.0,24.0,0.0,0.0,1.0,16500.0,0.0,0.0,99880.0
130,3.7,6.0,12.0,0.0,0.0,1.0,8250.0,0.0,0.0,104590.0
131,2.1,16.0,32.0,0.0,0.0,0.0,0.0,1.0,40000.0,229899.0
134,3.9,2.0,4.0,0.0,0.0,0.0,0.0,1.0,4000.0,10945.0
136,3.6,2.0,2.0,0.0,0.0,0.0,0.0,1.0,3000.0,12485.0
137,3.7,2.0,4.0,0.0,0.0,1.0,3000.0,0.0,0.0,12485.0
141,3.3,2.0,4.0,0.0,0.0,0.0,0.0,1.0,4000.0,19635.0
142,3.7,4.0,4.0,0.0,0.0,0.0,0.0,1.0,8000.0,19635.0
143,3.2,2.0,4.0,0.0,0.0,0.0,0.0,1.0,3000.0,19955.0
144,3.9,2.0,4.0,0.0,0.0,0.0,0.0,1.0,4000.0,21065.0
145,2.7,4.0,4.0,0.0,0.0,0.0,0.0,1.0,6000.0,22622.0
146,3.3,4.0,4.0,0.0,0.0,0.0,0.0,1.0,8000.0,24859.0
147,2.4,4.0,4.0,0.0,0.0,0.0,0.0,1.0,6000.0,25025.0
148,1.7,6.0,6.0,0.0,0.0,1.0,8250.0,0.0,0.0,26839.0
149,3.4,4.0,4.0,0.0,0.0,0.0,0.0,1.0,6000.0,27060.0
150,3.3,4.0,4.0,0.0,0.0,0.0,0.0,1.0,8000.0,29469.0
151,3.3,4.0,4.0,0.0,0.0,0.0,0.0,1.0,6000.0,30029.0
152,3.0,8.0,16.0,1.0,4000.0,1.0,16000.0,0.0,0.0,30327.0
153,3.4,4.0,8.0,0.0,0.0,0.0,0.0,1.0,8000.0,34980.0
154,3.6,4.0,8.0,0.0,0.0,0.0,0.0,1.0,8000.0,36000.0
156,3.8,4.0,8.0,0.0,0.0,0.0,0.0,1.0,8000.0,40538.0
157,3.8,4.0,8.0,0.0,0.0,0.0,0.0,1.0,8000.0,42899.0
158,4.0,4.0,8.0,0.0,0.0,0.0,0.0,1.0,8000.0,49000.0
159,2.1,8.0,16.0,0.0,0.0,1.0,11000.0,0.0,0.0,53490.0
160,2.6,4.0,8.0,0.0,0.0,1.0,8250.0,0.0,0.0,59949.0
161,4.0,4.0,8.0,0.0,0.0,1.0,8250.0,0.0,0.0,64799.0
162,3.4,16.0,32.0,1.0,8000.0,1.0,32000.0,0.0,0.0,67000.0
164,3.5,6.0,12.0,0.0,0.0,0.0,0.0,1.0,15000.0,81477.0
165,3.6,6.0,12.0,0.0,0.0,1.0,8250.0,0.0,0.0,87371.0
166,2.1,8.0,16.0,0.0,0.0,1.0,32000.0,0.0,0.0,98779.0
167,2.4,16.0,32.0,0.0,0.0,1.0,64000.0,0.0,0.0,109999.0
168,3.6,4.0,8.0,0.0,0.0,1.0,16500.0,0.0,0.0,149890.0
169,2.0,24.0,48.0,0.0,0.0,1.0,64000.0,0.0,0.0,156639.0
170,3.0,10.0,20.0,0.0,0.0,1.0,25000.0,0.0,0.0,159800.0
171,2.0,14.0,28.0,0.0,0.0,1.0,35000.0,0.0,0.0,184799.0
172,3.3,12.0,24.0,0.0,0.0,1.0,19250.0,0.0,0.0,186999.0
173,2.2,18.0,36.0,0.0,0.0,1.0,25000.0,0.0,0.0,193480.0
174,2.4,14.0,28.0,0.0,0.0,0.0,0.0,1.0,35000.0,219999.0
177,3.0,12.0,24.0,0.0,0.0,0.0,0.0,1.0,30000.0,265979.0
178,2.1,22.0,44.0,0.0,0.0,1.0,30250.0,0.0,0.0,437690.0
179,2.2,32.0,64.0,0.0,0.0,1.0,64000.0,0.0,0.0,711259.0
180,2.7,24.0,48.0,0.0,0.0,1.0,33000.0,0.0,0.0,813999.0
181,3.8,4.0,8.0,0.0,0.0,1.0,17000.0,0.0,0.0,863478.0
183,3.0,2.0,2.0,0.0,0.0,1.0,2000.0,0.0,0.0,7040.0
184,3.2,2.0,2.0,0.0,0.0,0.0,0.0,1.0,2000.0,7040.0
185,3.3,2.0,2.0,0.0,0.0,0.0,0.0,1.0,3000.0,8980.0
188,2.6,2.0,2.0,0.0,0.0,0.0,0.0,1.0,3000.0,9999.0
194,3.5,4.0,8.0,1.0,2000.0,1.0,16000.0,0.0,0.0,14347.0
196,3.5,8.0,8.0,1.0,8000.0,1.0,8000.0,0.0,0.0,18480.0
197,4.0,2.0,4.0,0.0,0.0,0.0,0.0,1.0,4000.0,19635.0
198,3.5,2.0,4.0,0.0,0.0,0.0,0.0,1.0,4000.0,19635.0
200,4.1,2.0,4.0,0.0,0.0,0.0,0.0,1.0,4000.0,20964.0
201,4.7,8.0,8.0,1.0,8000.0,1.0,8000.0,0.0,0.0,21384.0
202,2.8,6.0,6.0,0.0,0.0,0.0,0.0,1.0,9000.0,24300.0
203,3.8,2.0,4.0,0.0,0.0,0.0,0.0,1.0,4000.0,25417.0
204,1.7,6.0,6.0,0.0,0.0,0.0,0.0,1.0,15000.0,26462.0
205,3.5,4.0,4.0,0.0,0.0,0.0,0.0,1.0,6000.0,26480.0
207,3.4,4.0,4.0,0.0,0.0,0.0,0.0,1.0,8000.0,27719.0
208,3.1,6.0,6.0,0.0,0.0,0.0,0.0,1.0,9000.0,28261.0
209,3.5,4.0,4.0,0.0,0.0,0.0,0.0,1.0,8000.0,28269.0
211,3.5,4.0,4.0,0.0,0.0,0.0,0.0,1.0,6000.0,29920.0
212,3.1,4.0,4.0,0.0,0.0,1.0,4000.0,0.0,0.0,32267.0
214,3.5,4.0,8.0,0.0,0.0,0.0,0.0,1.0,8000.0,32999.0
216,3.5,4.0,8.0,0.0,0.0,1.0,10000.0,0.0,0.0,35445.0
217,3.4,6.0,6.0,0.0,0.0,0.0,0.0,1.0,12000.0,36000.0
219,3.7,4.0,8.0,0.0,0.0,0.0,0.0,1.0,8000.0,36959.0
221,1.7,8.0,8.0,0.0,0.0,1.0,11000.0,0.0,0.0,37949.0
223,3.8,4.0,8.0,0.0,0.0,0.0,0.0,1.0,8000.0,42575.0
224,3.3,4.0,8.0,0.0,0.0,1.0,6000.0,0.0,0.0,43780.0
225,3.6,4.0,8.0,0.0,0.0,1.0,8250.0,0.0,0.0,47303.0
228,3.5,6.0,12.0,0.0,0.0,1.0,8250.0,0.0,0.0,49824.0
229,1.8,8.0,16.0,0.0,0.0,1.0,11000.0,0.0,0.0,52760.0
230,3.5,4.0,8.0,0.0,0.0,0.0,0.0,1.0,8000.0,54000.0
233,2.1,8.0,16.0,0.0,0.0,1.0,11000.0,0.0,0.0,64800.0
235,2.6,4.0,8.0,0.0,0.0,1.0,8250.0,0.0,0.0,74249.0
236,3.6,6.0,12.0,0.0,0.0,1.0,15000.0,0.0,0.0,77204.0
237,2.4,8.0,16.0,0.0,0.0,0.0,0.0,1.0,20000.0,87987.0
238,2.4,10.0,20.0,0.0,0.0,0.0,0.0,1.0,15000.0,96580.0
241,3.3,10.0,20.0,0.0,0.0,1.0,13750.0,0.0,0.0,115499.0
242,3.1,14.0,28.0,0.0,0.0,1.0,19250.0,0.0,0.0,117480.0
243,3.7,6.0,12.0,0.0,0.0,1.0,8250.0,0.0,0.0,118799.0
244,2.1,12.0,24.0,0.0,0.0,1.0,16500.0,0.0,0.0,124290.0
245,2.1,12.0,24.0,0.0,0.0,1.0,16500.0,0.0,0.0,126093.0
246,2.1,16.0,32.0,0.0,0.0,1.0,22000.0,0.0,0.0,126590.0
250,2.0,4.0,8.0,0.0,0.0,0.0,0.0,1.0,10000.0,142679.0
251,2.8,16.0,32.0,0.0,0.0,1.0,22000.0,0.0,0.0,142780.0
252,2.2,12.0,24.0,0.0,0.0,0.0,0.0,1.0,30000.0,148499.0
254,3.7,8.0,16.0,0.0,0.0,1.0,16500.0,0.0,0.0,159490.0
255,3.7,8.0,16.0,0.0,0.0,1.0,11000.0,0.0,0.0,159839.0
256,2.3,16.0,32.0,0.0,0.0,1.0,22000.0,0.0,0.0,160880.0
258,2.5,10.0,20.0,0.0,0.0,0.0,0.0,1.0,25000.0,169800.0
260,2.5,10.0,20.0,0.0,0.0,0.0,0.0,1.0,25000.0,180735.0
262,2.2,14.0,28.0,0.0,0.0,1.0,19250.0,0.0,0.0,185790.0
263,3.3,10.0,20.0,0.0,0.0,1.0,13750.0,0.0,0.0,188783.0
264,2.4,16.0,32.0,0.0,0.0,1.0,64000.0,0.0,0.0,197999.0
267,3.4,6.0,12.0,0.0,0.0,1.0,19250.0,0.0,0.0,205990.0
269,2.2,6.0,12.0,0.0,0.0,0.0,0.0,1.0,12000.0,227688.0
270,2.1,16.0,32.0,0.0,0.0,1.0,22000.0,0.0,0.0,229890.0
272,2.1,20.0,40.0,0.0,0.0,1.0,28000.0,0.0,0.0,238678.0
273,3.0,10.0,20.0,0.0,0.0,0.0,0.0,1.0,25000.0,240099.0
274,3.3,4.0,8.0,0.0,0.0,0.0,0.0,1.0,10000.0,242667.0
275,2.6,14.0,28.0,0.0,0.0,0.0,0.0,1.0,35000.0,259599.0
276,3.2,16.0,32.0,0.0,0.0,1.0,22000.0,0.0,0.0,263990.0
277,2.5,14.0,28.0,0.0,0.0,1.0,19000.0,0.0,0.0,264815.0
279,3.2,8.0,16.0,0.0,0.0,1.0,24750.0,0.0,0.0,267790.0
280,3.1,10.0,20.0,0.0,0.0,0.0,0.0,1.0,25000.0,270242.0
281,2.4,6.0,12.0,0.0,0.0,0.0,0.0,1.0,15000.0,270838.0
283,3.3,8.0,16.0,0.0,0.0,1.0,24750.0,0.0,0.0,282350.0
284,1.8,8.0,16.0,0.0,0.0,0.0,0.0,1.0,20000.0,294004.0
285,2.3,18.0,36.0,0.0,0.0,1.0,24750.0,0.0,0.0,299890.0
286,2.1,18.0,36.0,0.0,0.0,0.0,0.0,1.0,45000.0,299969.0
287,2.0,32.0,64.0,0.0,0.0,1.0,64000.0,0.0,0.0,311299.0
288,2.8,16.0,32.0,0.0,0.0,1.0,22000.0,0.0,0.0,313478.0
289,2.0,20.0,40.0,0.0,0.0,1.0,27500.0,0.0,0.0,321990.0
290,2.1,22.0,44.0,0.0,0.0,1.0,30250.0,0.0,0.0,329590.0
291,2.0,24.0,48.0,0.0,0.0,1.0,64000.0,0.0,0.0,329999.0
292,2.3,18.0,36.0,0.0,0.0,0.0,0.0,1.0,40000.0,338799.0
293,2.6,16.0,32.0,0.0,0.0,1.0,22000.0,0.0,0.0,360990.0
294,2.3,18.0,36.0,0.0,0.0,1.0,24750.0,0.0,0.0,369359.0
295,2.4,20.0,40.0,0.0,0.0,1.0,27500.0,0.0,0.0,378990.0
296,2.5,20.0,40.0,0.0,0.0,1.0,28000.0,0.0,0.0,381678.0
297,2.9,6.0,6.0,0.0,0.0,0.0,0.0,1.0,15000.0,391872.0
298,2.2,8.0,16.0,0.0,0.0,0.0,0.0,1.0,16000.0,392107.0
299,2.3,24.0,48.0,0.0,0.0,1.0,64000.0,0.0,0.0,426689.0
300,2.7,24.0,48.0,0.0,0.0,1.0,33000.0,0.0,0.0,434380.0
301,2.1,24.0,48.0,0.0,0.0,1.0,36000.0,0.0,0.0,458980.0
302,2.0,32.0,64.0,0.0,0.0,1.0,64000.0,0.0,0.0,532069.0
303,2.1,24.0,48.0,0.0,0.0,1.0,33000.0,0.0,0.0,572990.0
304,2.0,32.0,64.0,0.0,0.0,1.0,64000.0,0.0,0.0,581899.0
305,2.4,8.0,16.0,0.0,0.0,0.0,0.0,1.0,20000.0,634990.0
306,3.2,16.0,32.0,0.0,0.0,1.0,22000.0,0.0,0.0,648990.0
307,2.0,26.0,52.0,0.0,0.0,1.0,35750.0,0.0,0.0,747990.0
308,2.7,8.0,16.0,0.0,0.0,0.0,0.0,1.0,20000.0,854986.0
309,2.1,26.0,52.0,0.0,0.0,1.0,35750.0,0.0,0.0,903900.0
310,2.1,28.0,56.0,0.0,0.0,1.0,38500.0,0.0,0.0,1064900.0
